,day_name,day,month,year,first_price,last_second_price,last_third_price
0,Sunday,1,ตุลาคม,2560,880714,52,"[[462, 611, 726, 952]]"
1,Sunday,16,กรกฎาคม,2560,820327,87,"[[390, 584, 823, 835]]"
2,Sunday,16,เมษายน,2560,816729,40,"[[241, 766, 807, 973]]"
3,Sunday,16,ตุลาคม,2559,571947,98,"[[032, 587, 692, 885]]"
4,Sunday,17,มกราคม,2559,304371,50,"[[031, 532, 743, 786]]"
5,Sunday,1,พฤศจิกายน,2558,361211,45,"[[106, 166, 473, 757]]"
6,Sunday,16,สิงหาคม,2558,033363,40,"[[227, 624, 648, 781]]"
7,Sunday,1,มีนาคม,2558,240237,34,"[[008, 031, 498, 857]]"
8,Sunday,1,unknown,2558,155537,79,"[[008, 083, 286, 813]]"
9,Sunday,16,พฤศจิกายน,2557,479804,25,"[[179, 422, 480, 709]]"
10,Sunday,1,มิถุนายน,2557,781198,18,"[[160, 324, 409, 636]]"
11,Sunday,16,มีนาคม,2557,531404,79,"[[250, 305, 400, 904]]"
12,Sunday,16,unknown,2557,384245,01,"[[074, 397, 521, 530]]"
13,Sunday,1,ธันวาคม,2556,168795,27,"[[074, 734, 766, 980]]"
14,Sunday,1,กันยายน,2556,548123,05,"[[045, 281, 570, 800]]"
15,Sunday,16,มิถุนายน,2556,289673,69,"[[098, 114, 390, 502]]"
16,Sunday,30,ธันวาคม,2555,302358,00,"[[126, 589, 832, 864]]"
17,Sunday,16,ธันวาคม,2555,529524,72,"[[008, 734, 745, 778]]"
18,Sunday,16,กันยายน,2555,540143,79,"[[123, 242, 752, 770]]"
19,Sunday,1,กรกฎาคม,2555,915900,60,"[[530, 611, 656, 715]]"
20,Sunday,1,เมษายน,2555,257562,69,"[[074, 332, 581, 616]]"
21,Sunday,16,ตุลาคม,2554,955756,83,"[[057, 329, 507, 991]]"
22,Sunday,16,มกราคม,2554,281062,23,"[[185, 227, 546, 758]]"
23,Sunday,1,สิงหาคม,2553,210008,10,"[[182, 191, 727, 769]]"
24,Sunday,16,unknown,2553,480012,12,"[[008, 151, 293, 770]]"
25,Sunday,2,unknown,2553,360371,06,"[[040, 382, 517, 618]]"
26,Sunday,1,พฤศจิกายน,2552,689140,85,"[[366, 465, 642, 923]]"
27,Sunday,16,สิงหาคม,2552,462933,96,"[[292, 577, 658, 843]]"
28,Sunday,1,มีนาคม,2552,553091,67,"[[224, 238, 295, 665]]"
29,Sunday,1,unknown,2552,534533,69,"[[015, 427, 660, 777]]"
30,Sunday,16,พฤศจิกายน,2551,002612,20,"[[068, 589, 824, 877]]"
31,Sunday,1,มิถุนายน,2551,414875,35,"[[370, 666, 747, 916]]"
32,Sunday,16,มีนาคม,2551,074946,33,"[[077, 085, 158, 974]]"
33,Sunday,30,ธันวาคม,2550,595411,81,"[[267, 490, 741, 787]]"
34,Sunday,16,ธันวาคม,2550,513501,96,"[[425, 432, 460, 702]]"
35,Sunday,16,กันยายน,2550,499336,45,"[[247, 273, 604, 608]]"
36,Sunday,1,กรกฎาคม,2550,565151,76,"[[146, 287, 638, 949]]"
37,Sunday,1,เมษายน,2550,622780,93,"[[022, 677, 794, 814]]"
38,Sunday,1,ตุลาคม,2549,952335,92,"[[007, 804, 879, 951]]"
39,Sunday,16,กรกฎาคม,2549,512434,48,"[[098, 432, 518, 989]]"
40,Sunday,16,เมษายน,2549,038564,49,"[[210, 442, 769, 877]]"
41,Sunday,16,ตุลาคม,2548,041072,71,"[[269, 346, 410, 913]]"
42,Sunday,16,มกราคม,2548,335022,08,"[[039, 291, 479, 689]]"
43,Sunday,16,unknown,2547,589207,13,"[[253, 492, 526, 992]]"
44,Sunday,2,unknown,2547,653403,91,"[[101, 385, 550, 822]]"
45,Sunday,1,unknown,2547,216822,77,"[[242, 361, 469, 765]]"
46,Sunday,16,พฤศจิกายน,2546,238511,68,"[[155, 474, 594, 767]]"
47,Sunday,1,มิถุนายน,2546,766066,36,"[[083, 354, 523, 686]]"
48,Sunday,16,มีนาคม,2546,653062,64,"[[038, 208, 702, 820]]"
49,Sunday,16,unknown,2546,455578,61,"[[496, 805, 857, 980]]"
50,Sunday,1,ธันวาคม,2545,968422,37,"[[088, 298, 337, 809]]"
51,Sunday,1,กันยายน,2545,994200,51,"[[064, 126, 395, 799]]"
52,Sunday,16,มิถุนายน,2545,073261,07,"[[156, 472, 662, 845]]"
53,Sunday,30,ธันวาคม,2544,729367,64,"[[107, 611, 873, 974]]"
54,Sunday,16,ธันวาคม,2544,224675,19,"[[363, 538, 887, 902]]"
55,Sunday,16,กันยายน,2544,616426,82,"[[089, 291, 806, 995]]"
56,Sunday,1,กรกฎาคม,2544,107987,34,"[[296, 364, 546, 985]]"
57,Sunday,1,เมษายน,2544,640998,49,"[[061, 407, 600, 877]]"
58,Sunday,1,ตุลาคม,2543,290582,26,"[[070, 436, 618, 690]]"
59,Sunday,16,กรกฎาคม,2543,931342,43,"[[237, 397, 656, 739]]"
60,Sunday,16,เมษายน,2543,836777,63,"[[131, 273, 362, 950]]"
61,Sunday,16,มกราคม,2543,442183,82,"[[269, 640, 847, 950]]"
62,Sunday,1,สิงหาคม,2542,056860,98,"[[064, 303, 688, 994]]"
63,Sunday,16,unknown,2542,618818,16,"[[074, 843, 870, 884]]"
64,Sunday,2,unknown,2542,000686,00,"[[003, 045, 134, 715]]"
65,Sunday,1,พฤศจิกายน,2541,920846,29,"[[044, 081, 239, 316]]"
66,Sunday,16,สิงหาคม,2541,081784,91,"[[464, 644, 677, 724]]"
67,Sunday,1,มีนาคม,2541,236364,74,"[[127, 285, 562, 867]]"
68,Sunday,1,unknown,2541,665959,48,"[[381, 685, 788, 941]]"
69,Sunday,16,พฤศจิกายน,2540,875462,99,"[[038, 539, 573, 730]]"
70,Sunday,1,มิถุนายน,2540,643997,24,"[[060, 507, 784, 918]]"
71,Sunday,16,มีนาคม,2540,100474,36,"[[214, 444, 705, 822]]"
72,Sunday,16,unknown,2540,499884,84,"[[247, 315, 533, 716]]"
73,Sunday,1,ธันวาคม,2539,179528,66,"[[365, 566, 822, 920]]"
74,Sunday,1,กันยายน,2539,470136,02,"[[392, 501, 666, 972]]"
75,Sunday,16,มิถุนายน,2539,312311,21,"[[113, 649, 735, 916]]"
76,Sunday,1,ตุลาคม,2538,317092,76,"[[088, 139, 296, 819]]"
77,Sunday,16,กรกฎาคม,2538,248122,96,"[[085, 303, 571, 758]]"
78,Sunday,16,เมษายน,2538,053581,99,"[[276, 560, 681, 968]]"
79,Monday,16,ตุลาคม,2560,413494,86,"[[128, 180, 287, 971]]"
80,Monday,1,สิงหาคม,2559,272932,57,"[[472, 538, 871, 983]]"
81,Monday,16,unknown,2559,141737,98,"[[087, 268, 382, 975]]"
82,Monday,2,unknown,2559,399459,02,"[[046, 238, 403, 671]]"
83,Monday,1,unknown,2559,927800,09,"[[054, 076, 625, 999]]"
84,Monday,16,พฤศจิกายน,2558,795283,03,"[[028, 241, 643, 802]]"
85,Monday,16,มีนาคม,2558,048151,92,"[[339, 622, 623, 757]]"
86,Monday,16,unknown,2558,001864,90,"[[103, 392, 825, 843]]"
87,Monday,1,ธันวาคม,2557,480449,11,"[[161, 380, 580, 820]]"
88,Monday,1,กันยายน,2557,856763,22,"[[308, 477, 490, 912]]"
89,Monday,16,มิถุนายน,2557,673920,95,"[[140, 158, 576, 639]]"
90,Monday,30,ธันวาคม,2556,561072,48,"[[275, 503, 513, 750]]"
91,Monday,16,ธันวาคม,2556,341767,79,"[[111, 228, 742, 826]]"
92,Monday,16,กันยายน,2556,562684,63,"[[056, 235, 574, 754]]"
93,Monday,1,กรกฎาคม,2556,646905,51,"[[075, 284, 903, 904]]"
94,Monday,1,เมษายน,2556,571688,53,"[[170, 430, 670, 725]]"
95,Monday,1,ตุลาคม,2555,124025,58,"[[291, 554, 873, 940]]"
96,Monday,16,กรกฎาคม,2555,904050,11,"[[042, 159, 224, 897]]"
97,Monday,16,เมษายน,2555,583470,62,"[[088, 216, 722, 754]]"
98,Monday,16,มกราคม,2555,451445,81,"[[150, 328, 639, 941]]"
99,Monday,1,สิงหาคม,2554,218756,12,"[[221, 583, 660, 703]]"
100,Monday,16,unknown,2554,406417,05,"[[044, 071, 700, 889]]"
101,Monday,2,unknown,2554,054136,85,"[[133, 421, 524, 945]]"
102,Monday,1,พฤศจิกายน,2553,191100,59,"[[653, 739, 801, 968]]"
103,Monday,16,สิงหาคม,2553,911097,64,"[[448, 578, 689, 986]]"
104,Monday,1,มีนาคม,2553,215227,97,"[[374, 457, 470, 627]]"
105,Monday,1,unknown,2553,186312,14,"[[403, 577, 694, 936]]"
106,Monday,16,พฤศจิกายน,2552,055986,58,"[[072, 299, 536, 952]]"
107,Monday,1,มิถุนายน,2552,777661,26,"[[097, 240, 242, 642]]"
108,Monday,16,มีนาคม,2552,268812,36,"[[063, 228, 424, 929]]"
109,Monday,16,unknown,2552,038730,93,"[[115, 434, 939, 961]]"
110,Monday,1,ธันวาคม,2551,205434,05,"[[013, 260, 617, 957]]"
111,Monday,1,กันยายน,2551,695993,09,"[[027, 206, 413, 904]]"
112,Monday,16,มิถุนายน,2551,729111,75,"[[339, 345, 639, 870]]"
113,Monday,1,ตุลาคม,2550,430667,76,"[[090, 104, 126, 667]]"
114,Monday,16,กรกฎาคม,2550,527384,77,"[[105, 183, 334, 947]]"
115,Monday,16,เมษายน,2550,405105,63,"[[013, 522, 866, 987]]"
116,Monday,16,ตุลาคม,2549,264825,58,"[[092, 358, 832, 903]]"
117,Monday,16,มกราคม,2549,432747,79,"[[200, 222, 789, 965]]"
118,Monday,1,สิงหาคม,2548,961633,26,"[[055, 152, 272, 386]]"
119,Monday,16,unknown,2548,867134,97,"[[376, 465, 648, 693]]"
120,Monday,2,unknown,2548,772467,43,"[[071, 073, 383, 815]]"
121,Monday,1,พฤศจิกายน,2547,185966,23,"[[137, 661, 745, 862]]"
122,Monday,16,สิงหาคม,2547,335921,59,"[[082, 114, 288, 559]]"
123,Monday,2,สิงหาคม,2547,868990,45,"[[377, 510, 811, 956]]"
124,Monday,1,มีนาคม,2547,697483,50,"[[206, 510, 610, 759]]"
125,Monday,16,unknown,2547,698002,00,"[[072, 309, 798, 877]]"
126,Monday,1,ธันวาคม,2546,991307,78,"[[217, 559, 719, 945]]"
127,Monday,1,กันยายน,2546,187813,92,"[[249, 661, 793, 918]]"
128,Monday,16,มิถุนายน,2546,389872,29,"[[006, 605, 922, 995]]"
129,Monday,30,ธันวาคม,2545,895196,95,"[[116, 191, 609, 689]]"
130,Monday,16,ธันวาคม,2545,019682,67,"[[075, 312, 616, 849]]"
131,Monday,16,กันยายน,2545,156050,85,"[[056, 169, 823, 889]]"
132,Monday,1,กรกฎาคม,2545,481447,24,"[[195, 517, 763, 802]]"
133,Monday,1,เมษายน,2545,990543,57,"[[225, 430, 456, 971]]"
134,Monday,1,ตุลาคม,2544,104145,15,"[[058, 287, 303, 827]]"
135,Monday,16,กรกฎาคม,2544,820715,50,"[[171, 250, 282, 767]]"
136,Monday,16,เมษายน,2544,140843,28,"[[031, 378, 800, 952]]"
137,Monday,16,ตุลาคม,2543,620662,39,"[[133, 276, 372, 607]]"
138,Monday,1,พฤศจิกายน,2542,561335,03,"[[140, 570, 855, 882]]"
139,Monday,16,สิงหาคม,2542,340998,65,"[[111, 371, 696, 933]]"
140,Monday,1,unknown,2542,342860,69,"[[048, 361, 735, 752]]"
141,Monday,16,พฤศจิกายน,2541,270744,20,"[[480, 763, 785, 794]]"
142,Monday,1,มิถุนายน,2541,820088,67,"[[014, 530, 649, 781]]"
143,Monday,16,มีนาคม,2541,572701,79,"[[260, 506, 852, 943]]"
144,Monday,16,unknown,2541,612897,69,"[[213, 234, 356, 460]]"
145,Monday,1,ธันวาคม,2540,241559,86,"[[168, 392, 677, 982]]"
146,Monday,1,กันยายน,2540,083537,59,"[[132, 319, 658, 743]]"
147,Monday,16,มิถุนายน,2540,537146,61,"[[504, 635, 769, 982]]"
148,Monday,30,ธันวาคม,2539,879454,29,"[[158, 314, 584, 879]]"
149,Monday,16,ธันวาคม,2539,593856,44,"[[438, 608, 681, 755]]"
150,Monday,16,กันยายน,2539,814362,59,"[[400, 818, 889, 976]]"
151,Monday,1,กรกฎาคม,2539,625379,76,"[[094, 293, 543, 666]]"
152,Monday,1,เมษายน,2539,660765,90,"[[278, 338, 701, 839]]"
153,Monday,16,ตุลาคม,2538,322154,86,"[[192, 233, 716, 924]]"
154,Monday,16,มกราคม,2538,922388,40,"[[022, 186, 253, 667]]"
155,Tuesday,1,สิงหาคม,2560,756519,36,"[[061, 386, 787, 989]]"
156,Tuesday,16,unknown,2560,454891,53,"[[008, 396, 490, 603]]"
157,Tuesday,2,unknown,2560,008656,35,"[[573, 773, 923, 949]]"
158,Tuesday,17,มกราคม,2560,145157,25,"[[511, 516, 663, 836]]"
159,Tuesday,1,พฤศจิกายน,2559,785438,86,"[[038, 752, 824, 976]]"
160,Tuesday,16,สิงหาคม,2559,254004,33,"[[366, 596, 631, 966]]"
161,Tuesday,1,มีนาคม,2559,439686,06,"[[155, 426, 530, 743]]"
162,Tuesday,16,unknown,2559,356364,98,"[[309, 312, 535, 699]]"
163,Tuesday,1,ธันวาคม,2558,915350,78,"[[175, 181, 238, 714]]"
164,Tuesday,1,กันยายน,2558,021094,89,"[[068, 260, 403, 819]]"
165,Tuesday,16,มิถุนายน,2558,644742,05,"[[253, 386, 429, 532]]"
166,Tuesday,2,มิถุนายน,2558,388881,65,"[[314, 700, 876, 969]]"
167,Tuesday,30,ธันวาคม,2557,461704,57,"[[535, 853, 950, 982]]"
168,Tuesday,16,ธันวาคม,2557,948354,90,"[[080, 763, 775, 901]]"
169,Tuesday,16,กันยายน,2557,772269,35,"[[112, 257, 342, 790]]"
170,Tuesday,1,กรกฎาคม,2557,378477,39,"[[123, 271, 441, 864]]"
171,Tuesday,1,เมษายน,2557,028866,95,"[[186, 499, 835, 938]]"
172,Tuesday,1,ตุลาคม,2556,647882,14,"[[028, 324, 576, 650]]"
173,Tuesday,16,กรกฎาคม,2556,566996,86,"[[210, 352, 526, 584]]"
174,Tuesday,16,เมษายน,2556,843846,86,"[[828, 834, 862, 906]]"
175,Tuesday,16,ตุลาคม,2555,281343,28,"[[089, 152, 396, 868]]"
176,Tuesday,1,พฤศจิกายน,2554,805540,54,"[[065, 221, 380, 771]]"
177,Tuesday,16,สิงหาคม,2554,536960,62,"[[005, 074, 345, 814]]"
178,Tuesday,1,มีนาคม,2554,656037,97,"[[357, 396, 544, 926]]"
179,Tuesday,1,unknown,2554,610089,55,"[[121, 361, 432, 596]]"
180,Tuesday,16,พฤศจิกายน,2553,813993,43,"[[129, 763, 907, 979]]"
181,Tuesday,1,มิถุนายน,2553,444874,81,"[[298, 374, 673, 996]]"
182,Tuesday,16,มีนาคม,2553,364222,97,"[[229, 619, 756, 996]]"
183,Tuesday,16,unknown,2553,133707,03,"[[026, 137, 362, 985]]"
184,Tuesday,1,ธันวาคม,2552,776980,59,"[[188, 252, 412, 937]]"
185,Tuesday,1,กันยายน,2552,015865,32,"[[435, 446, 447, 924]]"
186,Tuesday,16,มิถุนายน,2552,930456,15,"[[044, 125, 179, 954]]"
187,Tuesday,30,ธันวาคม,2551,218596,22,"[[094, 197, 831, 984]]"
188,Tuesday,16,ธันวาคม,2551,074114,25,"[[305, 715, 803, 959]]"
189,Tuesday,16,กันยายน,2551,012377,56,"[[378, 534, 557, 691]]"
190,Tuesday,1,กรกฎาคม,2551,943671,50,"[[096, 287, 490, 523]]"
191,Tuesday,1,เมษายน,2551,012653,71,"[[124, 195, 200, 586]]"
192,Tuesday,16,ตุลาคม,2550,032988,48,"[[158, 663, 685, 846]]"
193,Tuesday,16,มกราคม,2550,838739,55,"[[263, 293, 803, 845]]"
194,Tuesday,1,สิงหาคม,2549,238654,88,"[[005, 487, 817, 847]]"
195,Tuesday,16,unknown,2549,100344,71,"[[386, 463, 696, 811]]"
196,Tuesday,2,unknown,2549,024554,27,"[[006, 082, 117, 438]]"
197,Tuesday,1,พฤศจิกายน,2548,970577,98,"[[009, 171, 216, 375]]"
198,Tuesday,16,สิงหาคม,2548,475560,68,"[[103, 272, 844, 915]]"
199,Tuesday,1,มีนาคม,2548,800751,93,"[[669, 681, 714, 998]]"
200,Tuesday,1,unknown,2548,540054,34,"[[180, 389, 571, 863]]"
201,Tuesday,16,พฤศจิกายน,2547,754622,64,"[[019, 744, 904, 918]]"
202,Tuesday,1,มิถุนายน,2547,614144,72,"[[425, 776, 990, 992]]"
203,Tuesday,16,มีนาคม,2547,615366,69,"[[094, 478, 779, 830]]"
204,Tuesday,30,ธันวาคม,2546,739447,64,"[[216, 435, 654, 743]]"
205,Tuesday,16,ธันวาคม,2546,177947,87,"[[571, 676, 735, 847]]"
206,Tuesday,16,กันยายน,2546,600589,53,"[[356, 494, 909, 996]]"
207,Tuesday,1,กรกฎาคม,2546,461414,91,"[[151, 282, 395, 878]]"
208,Tuesday,1,เมษายน,2546,933164,86,"[[467, 732, 863, 902]]"
209,Tuesday,1,ตุลาคม,2545,802505,72,"[[189, 358, 567, 864]]"
210,Tuesday,16,กรกฎาคม,2545,340264,69,"[[034, 304, 539, 632]]"
211,Tuesday,16,เมษายน,2545,522630,37,"[[085, 586, 949, 997]]"
212,Tuesday,16,ตุลาคม,2544,975005,48,"[[070, 110, 626, 670]]"
213,Tuesday,16,มกราคม,2544,737016,36,"[[035, 358, 515, 778]]"
214,Tuesday,1,สิงหาคม,2543,267540,18,"[[463, 665, 881, 930]]"
215,Tuesday,16,unknown,2543,009315,56,"[[035, 174, 226, 929]]"
216,Tuesday,2,unknown,2543,070715,20,"[[287, 422, 740, 979]]"
217,Tuesday,1,unknown,2543,530213,85,"[[094, 109, 597, 926]]"
218,Tuesday,16,พฤศจิกายน,2542,792354,14,"[[293, 324, 723, 978]]"
219,Tuesday,1,มิถุนายน,2542,077626,08,"[[177, 340, 606, 951]]"
220,Tuesday,16,มีนาคม,2542,577278,63,"[[089, 415, 418, 606]]"
221,Tuesday,2,มีนาคม,2542,660214,58,"[[479, 612, 645, 927]]"
222,Tuesday,16,unknown,2542,307231,41,"[[091, 404, 456, 782]]"
223,Tuesday,1,ธันวาคม,2541,836569,58,"[[075, 115, 200, 944]]"
224,Tuesday,1,กันยายน,2541,872795,96,"[[042, 060, 316, 551]]"
225,Tuesday,16,มิถุนายน,2541,858076,19,"[[219, 235, 316, 533]]"
226,Tuesday,30,ธันวาคม,2540,675704,65,"[[044, 320, 788, 797]]"
227,Tuesday,16,ธันวาคม,2540,294240,71,"[[142, 408, 762, 975]]"
228,Tuesday,16,กันยายน,2540,527514,93,"[[251, 335, 687, 935]]"
229,Tuesday,1,กรกฎาคม,2540,676576,11,"[[092, 412, 620, 909]]"
230,Tuesday,1,เมษายน,2540,617629,52,"[[015, 162, 330, 426]]"
231,Tuesday,1,ตุลาคม,2539,947788,97,"[[089, 166, 418, 544]]"
232,Tuesday,16,กรกฎาคม,2539,332687,91,"[[010, 281, 547, 771]]"
233,Tuesday,16,เมษายน,2539,049584,77,"[[052, 155, 222, 435]]"
234,Tuesday,16,มกราคม,2539,913302,21,"[[444, 661, 882, 971]]"
235,Tuesday,1,สิงหาคม,2538,464819,59,"[[070, 274, 293, 669]]"
236,Tuesday,16,unknown,2538,220381,55,"[[460, 488, 514, 597]]"
237,Tuesday,2,unknown,2538,564692,88,"[[268, 273, 304, 686]]"
238,Wednesday,17,มกราคม,2561,203823,50,"[[236, 397, 624, 799]]"
239,Wednesday,1,พฤศจิกายน,2560,533726,85,"[[036, 165, 425, 485]]"
240,Wednesday,16,สิงหาคม,2560,715431,37,"[[115, 253, 302, 945]]"
241,Wednesday,1,มีนาคม,2560,978453,78,"[[052, 450, 560, 577]]"
242,Wednesday,1,unknown,2560,054672,42,"[[066, 426, 628, 807]]"
243,Wednesday,16,พฤศจิกายน,2559,858383,44,"[[040, 558, 570, 682]]"
244,Wednesday,1,มิถุนายน,2559,511825,14,"[[111, 775, 880, 937]]"
245,Wednesday,16,มีนาคม,2559,134918,32,"[[004, 855, 877, 973]]"
246,Wednesday,30,ธันวาคม,2558,008217,02,"[[246, 264, 596, 895]]"
247,Wednesday,16,กันยายน,2558,743148,06,"[[084, 209, 375, 435]]"
248,Wednesday,1,กรกฎาคม,2558,759049,26,"[[081, 565, 567, 814]]"
249,Wednesday,1,เมษายน,2558,605704,70,"[[557, 558, 861, 962]]"
250,Wednesday,1,ตุลาคม,2557,375615,44,"[[086, 159, 251, 520]]"
251,Wednesday,16,เมษายน,2557,153406,26,"[[013, 344, 355, 634]]"
252,Wednesday,16,ตุลาคม,2556,963289,60,"[[402, 529, 876, 952]]"
253,Wednesday,16,มกราคม,2556,820981,08,"[[196, 334, 374, 555]]"
254,Wednesday,1,สิงหาคม,2555,895590,50,"[[599, 745, 796, 820]]"
255,Wednesday,16,unknown,2555,814418,31,"[[101, 309, 504, 902]]"
256,Wednesday,2,unknown,2555,889501,29,"[[426, 468, 589, 597]]"
257,Wednesday,1,unknown,2555,320605,32,"[[426, 498, 598, 749]]"
258,Wednesday,16,พฤศจิกายน,2554,997777,57,"[[406, 425, 551, 993]]"
259,Wednesday,1,มิถุนายน,2554,562370,46,"[[346, 556, 656, 801]]"
260,Wednesday,16,มีนาคม,2554,593331,96,"[[209, 463, 737, 945]]"
261,Wednesday,16,unknown,2554,481746,27,"[[384, 388, 510, 535]]"
262,Wednesday,1,ธันวาคม,2553,181752,09,"[[086, 470, 474, 664]]"
263,Wednesday,1,กันยายน,2553,354656,11,"[[096, 570, 656, 784]]"
264,Wednesday,16,มิถุนายน,2553,500104,73,"[[200, 628, 681, 816]]"
265,Wednesday,30,ธันวาคม,2552,994304,87,"[[337, 419, 598, 993]]"
266,Wednesday,16,ธันวาคม,2552,685141,05,"[[142, 524, 694, 775]]"
267,Wednesday,16,กันยายน,2552,202912,48,"[[166, 200, 353, 539]]"
268,Wednesday,1,กรกฎาคม,2552,207542,66,"[[107, 233, 385, 799]]"
269,Wednesday,1,เมษายน,2552,816578,50,"[[044, 113, 363, 572]]"
270,Wednesday,1,ตุลาคม,2551,882911,67,"[[204, 302, 311, 395]]"
271,Wednesday,16,กรกฎาคม,2551,257374,41,"[[344, 401, 486, 576]]"
272,Wednesday,16,เมษายน,2551,982800,64,"[[008, 043, 584, 802]]"
273,Wednesday,16,มกราคม,2551,556010,81,"[[413, 548, 942, 965]]"
274,Wednesday,1,สิงหาคม,2550,429924,29,"[[006, 048, 885, 962]]"
275,Wednesday,16,unknown,2550,232897,25,"[[585, 751, 858, 924]]"
276,Wednesday,2,unknown,2550,430374,81,"[[442, 553, 729, 881]]"
277,Wednesday,1,พฤศจิกายน,2549,910957,29,"[[137, 647, 739, 905]]"
278,Wednesday,16,สิงหาคม,2549,977486,91,"[[103, 221, 230, 305]]"
279,Wednesday,1,มีนาคม,2549,582473,43,"[[108, 586, 801, 914]]"
280,Wednesday,1,unknown,2549,412729,87,"[[149, 384, 720, 915]]"
281,Wednesday,16,พฤศจิกายน,2548,742518,80,"[[137, 502, 741, 887]]"
282,Wednesday,1,มิถุนายน,2548,176893,35,"[[176, 405, 579, 616]]"
283,Wednesday,16,มีนาคม,2548,196345,03,"[[073, 394, 601, 783]]"
284,Wednesday,16,unknown,2548,816422,53,"[[065, 086, 192, 356]]"
285,Wednesday,1,ธันวาคม,2547,504658,69,"[[014, 139, 691, 984]]"
286,Wednesday,1,กันยายน,2547,096597,70,"[[014, 456, 709, 929]]"
287,Wednesday,16,มิถุนายน,2547,208713,87,"[[414, 459, 911, 986]]"
288,Wednesday,1,ตุลาคม,2546,912040,43,"[[100, 379, 407, 563]]"
289,Wednesday,16,กรกฎาคม,2546,679545,75,"[[049, 281, 363, 589]]"
290,Wednesday,16,เมษายน,2546,892525,21,"[[796, 823, 906, 933]]"
291,Wednesday,16,ตุลาคม,2545,428641,51,"[[150, 177, 244, 401]]"
292,Wednesday,16,มกราคม,2545,709670,14,"[[109, 116, 434, 895]]"
293,Wednesday,1,สิงหาคม,2544,180597,11,"[[086, 602, 848, 864]]"
294,Wednesday,16,unknown,2544,091982,61,"[[055, 080, 437, 507]]"
295,Wednesday,2,unknown,2544,205095,64,"[[099, 294, 543, 980]]"
296,Wednesday,1,พฤศจิกายน,2543,093182,90,"[[046, 407, 606, 818]]"
297,Wednesday,16,สิงหาคม,2543,459013,57,"[[087, 120, 155, 378]]"
298,Wednesday,1,มีนาคม,2543,997833,63,"[[250, 416, 627, 817]]"
299,Wednesday,16,unknown,2543,729816,91,"[[181, 618, 631, 916]]"
300,Wednesday,1,ธันวาคม,2542,669281,79,"[[896, 952, 999, 999]]"
301,Wednesday,1,กันยายน,2542,591344,33,"[[237, 261, 275, 861]]"
302,Wednesday,16,มิถุนายน,2542,278794,63,"[[422, 742, 859, 917]]"
303,Wednesday,30,ธันวาคม,2541,646147,50,"[[694, 778, 921, 983]]"
304,Wednesday,16,ธันวาคม,2541,181813,55,"[[175, 306, 498, 560]]"
305,Wednesday,16,กันยายน,2541,065720,65,"[[311, 401, 584, 782]]"
306,Wednesday,1,กรกฎาคม,2541,595123,65,"[[076, 101, 314, 606]]"
307,Wednesday,1,เมษายน,2541,496930,66,"[[454, 563, 786, 882]]"
308,Wednesday,1,ตุลาคม,2540,444413,24,"[[209, 476, 639, 693]]"
309,Wednesday,16,กรกฎาคม,2540,509691,67,"[[623, 750, 944, 982]]"
310,Wednesday,16,เมษายน,2540,551450,92,"[[085, 165, 279, 654]]"
311,Wednesday,16,ตุลาคม,2539,198019,13,"[[032, 270, 324, 865]]"
312,Wednesday,1,พฤศจิกายน,2538,282069,07,"[[393, 494, 564, 962]]"
313,Wednesday,16,สิงหาคม,2538,265333,51,"[[235, 342, 455, 618]]"
314,Wednesday,1,มีนาคม,2538,411454,71,"[[019, 022, 034, 152]]"
315,Wednesday,1,unknown,2538,198162,48,"[[087, 195, 574, 805]]"
316,Thursday,1,unknown,2561,026853,31,"[[106, 181, 519, 947]]"
317,Thursday,16,พฤศจิกายน,2560,292391,98,"[[477, 628, 831, 961]]"
318,Thursday,1,มิถุนายน,2560,053630,61,"[[121, 218, 581, 881]]"
319,Thursday,16,มีนาคม,2560,273863,92,"[[324, 694, 918, 941]]"
320,Thursday,16,unknown,2560,229116,14,"[[128, 375, 464, 953]]"
321,Thursday,1,ธันวาคม,2559,086069,77,"[[148, 450, 513, 873]]"
322,Thursday,1,กันยายน,2559,638684,62,"[[334, 335, 630, 669]]"
323,Thursday,16,มิถุนายน,2559,073816,79,"[[251, 321, 749, 804]]"
324,Thursday,17,ธันวาคม,2558,930255,08,"[[094, 140, 250, 638]]"
325,Thursday,1,ตุลาคม,2558,594825,07,"[[175, 440, 799, 918]]"
326,Thursday,16,กรกฎาคม,2558,121507,49,"[[294, 461, 761, 830]]"
327,Thursday,16,เมษายน,2558,506260,38,"[[101, 164, 495, 973]]"
328,Thursday,16,ตุลาคม,2557,656409,94,"[[647, 784, 848, 910]]"
329,Thursday,10,กรกฎาคม,2557,468728,45,"[[104, 117, 205, 944]]"
330,Thursday,16,มกราคม,2557,306902,52,"[[077, 149, 242, 510]]"
331,Thursday,1,สิงหาคม,2556,356435,82,"[[329, 451, 718, 880]]"
332,Thursday,16,unknown,2556,687125,56,"[[034, 261, 390, 945]]"
333,Thursday,2,unknown,2556,603458,07,"[[272, 359, 516, 830]]"
334,Thursday,1,พฤศจิกายน,2555,524694,63,"[[188, 217, 285, 338]]"
335,Thursday,16,สิงหาคม,2555,683877,28,"[[032, 612, 730, 775]]"
336,Thursday,1,มีนาคม,2555,222518,79,"[[135, 199, 295, 711]]"
337,Thursday,16,unknown,2555,648684,18,"[[111, 214, 420, 906]]"
338,Thursday,1,ธันวาคม,2554,408147,02,"[[253, 739, 857, 922]]"
339,Thursday,1,กันยายน,2554,724533,85,"[[021, 533, 821, 847]]"
340,Thursday,16,มิถุนายน,2554,351276,88,"[[162, 167, 486, 582]]"
341,Thursday,30,ธันวาคม,2553,884112,49,"[[153, 186, 933, 936]]"
342,Thursday,16,ธันวาคม,2553,334380,24,"[[306, 315, 529, 533]]"
343,Thursday,16,กันยายน,2553,017422,66,"[[075, 103, 316, 431]]"
344,Thursday,1,กรกฎาคม,2553,480239,68,"[[450, 893, 918, 961]]"
345,Thursday,1,เมษายน,2553,959517,22,"[[040, 174, 447, 663]]"
346,Thursday,1,ตุลาคม,2552,169387,06,"[[249, 255, 435, 714]]"
347,Thursday,16,กรกฎาคม,2552,000816,94,"[[005, 177, 356, 836]]"
348,Thursday,16,เมษายน,2552,368415,33,"[[007, 179, 570, 954]]"
349,Thursday,16,ตุลาคม,2551,431277,98,"[[324, 526, 644, 648]]"
350,Thursday,1,พฤศจิกายน,2550,927907,88,"[[213, 277, 524, 648]]"
351,Thursday,16,สิงหาคม,2550,476207,93,"[[234, 236, 312, 424]]"
352,Thursday,1,มีนาคม,2550,742425,61,"[[294, 801, 942, 949]]"
353,Thursday,1,unknown,2550,769925,56,"[[239, 287, 865, 893]]"
354,Thursday,16,พฤศจิกายน,2549,562856,94,"[[307, 347, 508, 680]]"
355,Thursday,1,มิถุนายน,2549,810850,99,"[[149, 382, 526, 664]]"
356,Thursday,16,มีนาคม,2549,936177,30,"[[185, 205, 320, 486]]"
357,Thursday,16,unknown,2549,317009,66,"[[135, 240, 280, 784]]"
358,Thursday,1,ธันวาคม,2548,388551,17,"[[027, 072, 764, 770]]"
359,Thursday,1,กันยายน,2548,316933,17,"[[047, 123, 338, 969]]"
360,Thursday,16,มิถุนายน,2548,793070,44,"[[021, 074, 605, 806]]"
361,Thursday,30,ธันวาคม,2547,168858,28,"[[179, 221, 603, 627]]"
362,Thursday,16,ธันวาคม,2547,479372,17,"[[075, 183, 288, 999]]"
363,Thursday,16,กันยายน,2547,923373,59,"[[295, 774, 867, 888]]"
364,Thursday,1,กรกฎาคม,2547,312471,66,"[[261, 313, 598, 664]]"
365,Thursday,1,เมษายน,2547,196391,62,"[[257, 808, 851, 918]]"
366,Thursday,16,ตุลาคม,2546,305500,03,"[[012, 084, 109, 470]]"
367,Thursday,16,มกราคม,2546,997085,06,"[[262, 441, 519, 535]]"
368,Thursday,1,สิงหาคม,2545,493438,88,"[[269, 529, 544, 645]]"
369,Thursday,16,unknown,2545,598714,76,"[[394, 508, 725, 765]]"
370,Thursday,2,unknown,2545,590664,56,"[[503, 695, 739, 764]]"
371,Thursday,1,พฤศจิกายน,2544,683472,52,"[[081, 392, 431, 694]]"
372,Thursday,16,สิงหาคม,2544,690135,10,"[[217, 588, 717, 900]]"
373,Thursday,1,มีนาคม,2544,836537,85,"[[147, 292, 356, 380]]"
374,Thursday,1,unknown,2544,454703,13,"[[063, 089, 245, 437]]"
375,Thursday,16,พฤศจิกายน,2543,565311,10,"[[044, 304, 381, 494]]"
376,Thursday,1,มิถุนายน,2543,592761,16,"[[705, 716, 810, 981]]"
377,Thursday,16,มีนาคม,2543,164311,65,"[[009, 071, 326, 460]]"
378,Thursday,30,ธันวาคม,2542,051108,03,"[[061, 263, 301, 540]]"
379,Thursday,16,ธันวาคม,2542,139850,30,"[[131, 140, 656, 686]]"
380,Thursday,16,กันยายน,2542,807806,46,"[[268, 283, 734, 893]]"
381,Thursday,1,กรกฎาคม,2542,386441,67,"[[001, 152, 211, 987]]"
382,Thursday,1,เมษายน,2542,479957,92,"[[471, 670, 713, 858]]"
383,Thursday,1,ตุลาคม,2541,987844,18,"[[236, 306, 470, 728]]"
384,Thursday,16,กรกฎาคม,2541,599991,52,"[[012, 401, 904, 935]]"
385,Thursday,16,เมษายน,2541,146573,17,"[[153, 202, 664, 705]]"
386,Thursday,16,ตุลาคม,2540,405124,98,"[[125, 280, 356, 459]]"
387,Thursday,16,มกราคม,2540,151995,47,"[[020, 257, 381, 612]]"
388,Thursday,1,สิงหาคม,2539,151091,61,"[[646, 650, 669, 833]]"
389,Thursday,16,unknown,2539,978140,75,"[[324, 443, 523, 718]]"
390,Thursday,2,unknown,2539,274351,54,"[[175, 234, 661, 978]]"
391,Thursday,1,unknown,2539,256556,26,"[[549, 705, 906, 994]]"
392,Thursday,16,พฤศจิกายน,2538,239422,85,"[[073, 756, 776, 883]]"
393,Thursday,1,มิถุนายน,2538,105615,17,"[[168, 374, 688, 735]]"
394,Thursday,16,มีนาคม,2538,646847,67,"[[044, 091, 220, 225]]"
395,Thursday,16,unknown,2538,859070,95,"[[126, 452, 597, 828]]"
396,Friday,16,มีนาคม,2561,218559,82,"[[064, 205, 489, 720]]"
397,Friday,2,มีนาคม,2561,759415,29,"[[318, 589, 723, 870]]"
398,Friday,16,unknown,2561,309915,39,"[[007, 230, 388, 748]]"
399,Friday,1,ธันวาคม,2560,451005,33,"[[257, 303, 601, 626]]"
400,Friday,1,กันยายน,2560,143224,65,"[[195, 278, 345, 679]]"
401,Friday,16,มิถุนายน,2560,943142,47,"[[373, 626, 740, 878]]"
402,Friday,30,ธันวาคม,2559,377712,46,"[[304, 477, 769, 890]]"
403,Friday,16,ธันวาคม,2559,435286,35,"[[199, 366, 596, 716]]"
404,Friday,16,กันยายน,2559,240650,42,"[[043, 160, 493, 583]]"
405,Friday,1,กรกฎาคม,2559,082460,53,"[[169, 173, 302, 609]]"
406,Friday,1,เมษายน,2559,066720,92,"[[285, 390, 546, 852]]"
407,Friday,16,ตุลาคม,2558,968630,62,"[[054, 134, 412, 457]]"
408,Friday,16,มกราคม,2558,244351,74,"[[068, 398, 595, 877]]"
409,Friday,1,สิงหาคม,2557,766391,82,"[[349, 576, 623, 637]]"
410,Friday,16,unknown,2557,087523,20,"[[112, 150, 246, 505]]"
411,Friday,2,unknown,2557,103297,52,"[[143, 158, 673, 797]]"
412,Friday,1,พฤศจิกายน,2556,739804,47,"[[020, 173, 256, 502]]"
413,Friday,16,สิงหาคม,2556,321327,20,"[[201, 417, 448, 945]]"
414,Friday,1,มีนาคม,2556,976241,37,"[[133, 721, 775, 972]]"
415,Friday,1,unknown,2556,565566,66,"[[452, 641, 695, 782]]"
416,Friday,16,พฤศจิกายน,2555,639500,15,"[[560, 576, 627, 804]]"
417,Friday,1,มิถุนายน,2555,882727,38,"[[399, 576, 606, 895]]"
418,Friday,16,มีนาคม,2555,607064,08,"[[333, 350, 573, 606]]"
419,Friday,30,ธันวาคม,2554,526402,65,"[[026, 168, 541, 597]]"
420,Friday,16,ธันวาคม,2554,884178,21,"[[235, 295, 651, 784]]"
421,Friday,16,กันยายน,2554,731198,28,"[[384, 589, 645, 812]]"
422,Friday,1,กรกฎาคม,2554,622953,51,"[[160, 390, 463, 780]]"
423,Friday,1,เมษายน,2554,814931,01,"[[036, 040, 584, 723]]"
424,Friday,1,ตุลาคม,2553,488372,02,"[[003, 091, 246, 996]]"
425,Friday,16,กรกฎาคม,2553,180387,34,"[[024, 219, 309, 572]]"
426,Friday,16,เมษายน,2553,211743,96,"[[154, 285, 744, 811]]"
427,Friday,16,ตุลาคม,2552,258487,00,"[[122, 135, 174, 226]]"
428,Friday,16,มกราคม,2552,743212,25,"[[266, 800, 842, 885]]"
429,Friday,1,สิงหาคม,2551,850348,11,"[[236, 386, 408, 913]]"
430,Friday,16,unknown,2551,329231,69,"[[120, 193, 214, 355]]"
431,Friday,2,unknown,2551,453011,62,"[[001, 001, 133, 792]]"
432,Friday,1,unknown,2551,212684,26,"[[311, 472, 732, 796]]"
433,Friday,16,พฤศจิกายน,2550,562481,73,"[[130, 198, 752, 844]]"
434,Friday,1,มิถุนายน,2550,836393,05,"[[242, 433, 523, 739]]"
435,Friday,16,มีนาคม,2550,876763,85,"[[001, 191, 350, 906]]"
436,Friday,16,unknown,2550,277859,95,"[[384, 607, 625, 979]]"
437,Friday,1,ธันวาคม,2549,270052,12,"[[091, 236, 462, 621]]"
438,Friday,1,กันยายน,2549,381761,44,"[[093, 600, 626, 693]]"
439,Friday,16,มิถุนายน,2549,100935,17,"[[250, 381, 410, 595]]"
440,Friday,30,ธันวาคม,2548,492955,94,"[[066, 150, 308, 742]]"
441,Friday,16,ธันวาคม,2548,449565,86,"[[162, 802, 958, 994]]"
442,Friday,16,กันยายน,2548,214768,10,"[[057, 124, 282, 498]]"
443,Friday,1,กรกฎาคม,2548,009554,87,"[[244, 427, 641, 798]]"
444,Friday,1,เมษายน,2548,815753,69,"[[224, 381, 482, 807]]"
445,Friday,1,ตุลาคม,2547,110866,66,"[[200, 547, 781, 806]]"
446,Friday,16,กรกฎาคม,2547,205588,25,"[[154, 461, 696, 726]]"
447,Friday,16,เมษายน,2547,705832,12,"[[008, 721, 721, 966]]"
448,Friday,16,มกราคม,2547,731342,96,"[[025, 357, 391, 926]]"
449,Friday,1,สิงหาคม,2546,766098,91,"[[007, 460, 733, 856]]"
450,Friday,16,unknown,2546,552784,20,"[[048, 362, 608, 699]]"
451,Friday,2,unknown,2546,135603,12,"[[386, 498, 522, 870]]"
452,Friday,1,พฤศจิกายน,2545,505498,25,"[[297, 341, 383, 747]]"
453,Friday,16,สิงหาคม,2545,120108,57,"[[147, 173, 705, 953]]"
454,Friday,1,มีนาคม,2545,805590,55,"[[434, 715, 748, 856]]"
455,Friday,1,unknown,2545,633270,40,"[[414, 621, 859, 956]]"
456,Friday,16,พฤศจิกายน,2544,685706,74,"[[275, 339, 600, 976]]"
457,Friday,1,มิถุนายน,2544,113311,80,"[[310, 490, 920, 983]]"
458,Friday,16,มีนาคม,2544,633616,45,"[[350, 400, 773, 903]]"
459,Friday,16,unknown,2544,621267,47,"[[155, 275, 305, 673]]"
460,Friday,1,ธันวาคม,2543,887956,56,"[[170, 454, 664, 933]]"
461,Friday,1,กันยายน,2543,437367,52,"[[290, 365, 474, 952]]"
462,Friday,16,มิถุนายน,2543,825696,57,"[[311, 592, 771, 832]]"
463,Friday,1,ตุลาคม,2542,830676,80,"[[167, 215, 234, 287]]"
464,Friday,16,กรกฎาคม,2542,074416,03,"[[004, 138, 343, 349]]"
465,Friday,16,เมษายน,2542,625094,35,"[[067, 394, 432, 859]]"
466,Friday,16,ตุลาคม,2541,261080,74,"[[461, 695, 755, 935]]"
467,Friday,16,มกราคม,2541,947175,34,"[[185, 425, 792, 833]]"
468,Friday,1,สิงหาคม,2540,054272,31,"[[145, 414, 440, 797]]"
469,Friday,16,unknown,2540,088067,52,"[[510, 620, 769, 896]]"
470,Friday,2,unknown,2540,388437,38,"[[025, 056, 656, 728]]"
471,Friday,1,พฤศจิกายน,2539,512694,24,"[[255, 290, 432, 964]]"
472,Friday,16,สิงหาคม,2539,352768,19,"[[389, 609, 875, 932]]"
473,Friday,1,มีนาคม,2539,304855,72,"[[443, 664, 760, 945]]"
474,Friday,16,unknown,2539,681455,49,"[[428, 664, 779, 977]]"
475,Friday,1,ธันวาคม,2538,714426,74,"[[073, 387, 427, 516]]"
476,Friday,1,กันยายน,2538,620837,83,"[[255, 644, 672, 693]]"
477,Friday,16,มิถุนายน,2538,046698,82,"[[393, 507, 672, 785]]"
478,Saturday,30,ธันวาคม,2560,911234,98,"[[373, 495, 504, 953]]"
479,Saturday,16,ธันวาคม,2560,955596,89,"[[290, 616, 836, 938]]"
480,Saturday,16,กันยายน,2560,170143,71,"[[172, 340, 388, 647]]"
481,Saturday,1,กรกฎาคม,2560,112360,26,"[[005, 226, 489, 688]]"
482,Saturday,1,เมษายน,2560,392785,80,"[[020, 057, 500, 709]]"
483,Saturday,1,ตุลาคม,2559,887102,33,"[[017, 194, 280, 458]]"
484,Saturday,16,กรกฎาคม,2559,449764,55,"[[158, 552, 734, 925]]"
485,Saturday,16,เมษายน,2559,221609,87,"[[008, 228, 507, 523]]"
486,Saturday,1,สิงหาคม,2558,518677,53,"[[333, 598, 648, 889]]"
487,Saturday,16,unknown,2558,011421,38,"[[484, 799, 851, 928]]"
488,Saturday,2,unknown,2558,543466,30,"[[163, 195, 366, 818]]"
489,Saturday,1,พฤศจิกายน,2557,206608,44,"[[203, 607, 855, 979]]"
490,Saturday,16,สิงหาคม,2557,662842,91,"[[187, 633, 639, 912]]"
491,Saturday,1,มีนาคม,2557,906318,35,"[[116, 537, 753, 798]]"
492,Saturday,1,unknown,2557,180149,95,"[[406, 492, 888, 976]]"
493,Saturday,16,พฤศจิกายน,2556,806925,28,"[[069, 304, 672, 753]]"
494,Saturday,1,มิถุนายน,2556,935489,90,"[[480, 713, 716, 768]]"
495,Saturday,16,มีนาคม,2556,968433,52,"[[175, 529, 860, 959]]"
496,Saturday,16,unknown,2556,368257,09,"[[109, 386, 657, 708]]"
497,Saturday,1,ธันวาคม,2555,110443,43,"[[303, 434, 489, 553]]"
498,Saturday,1,กันยายน,2555,329997,07,"[[148, 598, 639, 736]]"
499,Saturday,16,มิถุนายน,2555,159373,51,"[[238, 479, 547, 790]]"
500,Saturday,1,ตุลาคม,2554,511052,15,"[[104, 189, 499, 957]]"
501,Saturday,16,กรกฎาคม,2554,116556,12,"[[052, 227, 534, 609]]"
502,Saturday,16,เมษายน,2554,825988,44,"[[213, 263, 397, 593]]"
503,Saturday,16,ตุลาคม,2553,621377,42,"[[310, 385, 518, 872]]"
504,Saturday,16,มกราคม,2553,073577,67,"[[413, 459, 646, 781]]"
505,Saturday,1,สิงหาคม,2552,154986,92,"[[239, 374, 421, 688]]"
506,Saturday,16,unknown,2552,111411,54,"[[362, 368, 838, 892]]"
507,Saturday,2,unknown,2552,294452,11,"[[222, 301, 549, 947]]"
508,Saturday,1,พฤศจิกายน,2551,272028,76,"[[285, 333, 421, 929]]"
509,Saturday,16,สิงหาคม,2551,380377,36,"[[161, 445, 457, 744]]"
510,Saturday,1,มีนาคม,2551,936685,05,"[[056, 085, 371, 691]]"
511,Saturday,16,unknown,2551,137054,80,"[[344, 512, 630, 892]]"
512,Saturday,1,ธันวาคม,2550,113410,18,"[[418, 485, 627, 659]]"
513,Saturday,1,กันยายน,2550,331810,69,"[[293, 505, 518, 520]]"
514,Saturday,16,มิถุนายน,2550,393194,41,"[[424, 589, 907, 989]]"
515,Saturday,30,ธันวาคม,2549,778584,07,"[[164, 403, 811, 971]]"
516,Saturday,16,ธันวาคม,2549,147977,45,"[[197, 439, 647, 694]]"
517,Saturday,16,กันยายน,2549,217948,41,"[[121, 290, 864, 916]]"
518,Saturday,1,กรกฎาคม,2549,952890,65,"[[017, 126, 183, 839]]"
519,Saturday,1,เมษายน,2549,738365,95,"[[064, 301, 522, 955]]"
520,Saturday,1,ตุลาคม,2548,766482,24,"[[275, 551, 766, 792]]"
521,Saturday,16,กรกฎาคม,2548,477452,13,"[[150, 460, 642, 757]]"
522,Saturday,16,เมษายน,2548,119327,10,"[[081, 346, 627, 968]]"
523,Saturday,16,ตุลาคม,2547,355858,62,"[[162, 200, 438, 890]]"
524,Saturday,1,พฤศจิกายน,2546,941438,47,"[[156, 216, 264, 866]]"
525,Saturday,16,สิงหาคม,2546,354771,00,"[[206, 271, 496, 624]]"
526,Saturday,1,มีนาคม,2546,441022,42,"[[026, 322, 628, 707]]"
527,Saturday,1,unknown,2546,456370,94,"[[229, 429, 661, 806]]"
528,Saturday,16,พฤศจิกายน,2545,915344,55,"[[191, 789, 843, 906]]"
529,Saturday,1,มิถุนายน,2545,161149,02,"[[328, 485, 643, 879]]"
530,Saturday,16,มีนาคม,2545,659152,04,"[[066, 370, 707, 943]]"
531,Saturday,16,unknown,2545,330853,92,"[[088, 167, 769, 820]]"
532,Saturday,1,ธันวาคม,2544,737033,49,"[[461, 713, 773, 925]]"
533,Saturday,1,กันยายน,2544,119067,14,"[[145, 218, 294, 532]]"
534,Saturday,16,มิถุนายน,2544,762394,75,"[[395, 550, 606, 922]]"
535,Saturday,30,ธันวาคม,2543,119451,31,"[[357, 600, 763, 985]]"
536,Saturday,16,ธันวาคม,2543,969676,91,"[[267, 313, 555, 605]]"
537,Saturday,16,กันยายน,2543,046251,05,"[[230, 806, 860, 933]]"
538,Saturday,1,กรกฎาคม,2543,674071,29,"[[190, 689, 761, 946]]"
539,Saturday,1,เมษายน,2543,963948,99,"[[018, 477, 511, 535]]"
540,Saturday,16,ตุลาคม,2542,410227,28,"[[304, 467, 468, 750]]"
541,Saturday,16,มกราคม,2542,190611,13,"[[186, 543, 854, 976]]"
542,Saturday,1,สิงหาคม,2541,748493,22,"[[001, 015, 771, 862]]"
543,Saturday,16,unknown,2541,840043,63,"[[258, 950, 981, 984]]"
544,Saturday,2,unknown,2541,663807,72,"[[143, 202, 325, 946]]"
545,Saturday,1,พฤศจิกายน,2540,974210,39,"[[064, 283, 830, 877]]"
546,Saturday,16,สิงหาคม,2540,156967,30,"[[235, 569, 596, 957]]"
547,Saturday,1,มีนาคม,2540,976779,98,"[[148, 364, 414, 791]]"
548,Saturday,1,unknown,2540,750792,57,"[[079, 402, 703, 771]]"
549,Saturday,16,พฤศจิกายน,2539,951083,21,"[[168, 349, 577, 580]]"
550,Saturday,1,มิถุนายน,2539,869656,81,"[[126, 422, 534, 961]]"
551,Saturday,16,มีนาคม,2539,019128,27,"[[523, 673, 798, 949]]"
552,Saturday,30,ธันวาคม,2538,327686,04,"[[145, 456, 748, 928]]"
553,Saturday,16,ธันวาคม,2538,952808,68,"[[064, 540, 639, 732]]"
554,Saturday,16,กันยายน,2538,876454,51,"[[297, 558, 582, 802]]"
555,Saturday,1,กรกฎาคม,2538,939901,19,"[[379, 423, 667, 940]]"
556,Saturday,1,เมษายน,2538,427039,06,"[[254, 674, 926, 978]]"
